family,offered_load,cascade_threshold,cascade_dwell_ticks,algorithm,cascade_depth,pdr,pdr_critical,total_links
scale_free,0.7,0.75,1,cspf,139.0,0.027419942662096,0.011288396767286376,232.0
scale_free,0.7,0.75,1,ecmp,129.5,0.036143443849102494,0.01531107755500995,232.0
scale_free,0.7,0.75,1,orbit,137.0,0.03256166413974993,0.03578987766374457,232.0
scale_free,0.7,0.75,1,spf-reconverge,136.5,0.0342510978921111,0.04773431640166566,232.0
scale_free,0.7,0.75,1,spf-static,54.5,0.11111928293255956,0.11137080663434831,232.0
scale_free,0.7,0.75,3,cspf,139.0,0.0396674193817351,0.03041000775647165,232.0
scale_free,0.7,0.75,3,ecmp,126.5,0.05274646594122632,0.04226473191608868,232.0
scale_free,0.7,0.75,3,orbit,137.0,0.04408253711380625,0.05186907979462407,232.0
scale_free,0.7,0.75,3,spf-reconverge,136.5,0.0476864319539564,0.07612984899978975,232.0
scale_free,0.7,0.75,3,spf-static,54.5,0.11767648603895278,0.12246358189699025,232.0
scale_free,0.7,0.75,5,cspf,139.0,0.0517315194478695,0.049531618745656945,232.0
scale_free,0.7,0.75,5,ecmp,126.0,0.06757179814660252,0.06983903879038256,232.0
scale_free,0.7,0.75,5,orbit,137.0,0.055478412664240584,0.06794828192550365,232.0
scale_free,0.7,0.75,5,spf-reconverge,136.5,0.062037227678306814,0.10061534944590159,232.0
scale_free,0.7,0.75,5,spf-static,54.5,0.124233689145346,0.13355635715963216,232.0
scale_free,0.7,0.75,10,cspf,136.5,0.08445563193138642,0.09754351407759312,232.0
scale_free,0.7,0.75,10,ecmp,126.5,0.102499120918327,0.13780811035012744,232.0
scale_free,0.7,0.75,10,orbit,137.0,0.08445190122559837,0.10589231311272773,232.0
scale_free,0.7,0.75,10,spf-reconverge,136.0,0.09880650333550914,0.16149286583693329,232.0
scale_free,0.7,0.75,10,spf-static,54.5,0.1394843664593189,0.16128829531623684,232.0
scale_free,0.7,0.75,20,cspf,138.5,0.1407669826422025,0.17875176402507725,232.0
scale_free,0.7,0.75,20,ecmp,127.5,0.17881170795982737,0.2715308122260023,232.0
scale_free,0.7,0.75,20,orbit,137.0,0.14109091039886085,0.18304640831011368,232.0
scale_free,0.7,0.75,20,spf-reconverge,136.0,0.1773700849345925,0.29734198155723934,232.0
scale_free,0.7,0.75,20,spf-static,54.5,0.1679812518734227,0.2167521716294475,232.0
scale_free,0.7,0.75,40,cspf,121.0,0.30010207023383006,0.4258922534390842,232.0
scale_free,0.7,0.75,40,ecmp,120.5,0.3295601424483954,0.5573350203640475,232.0
scale_free,0.7,0.75,40,orbit,126.5,0.26938411174744803,0.40631415240934743,232.0
scale_free,0.7,0.75,40,spf-reconverge,121.0,0.3298469769512957,0.5979781360024918,232.0
scale_free,0.7,0.75,40,spf-static,49.5,0.23582305641147003,0.31451777338218356,232.0
scale_free,0.7,0.8,1,cspf,127.0,0.04285658441252568,0.03851247670979021,232.0
scale_free,0.7,0.8,1,ecmp,122.0,0.04966455927764333,0.04244037445307917,232.0
scale_free,0.7,0.8,1,orbit,128.0,0.04378282792713532,0.04420080641726656,232.0
scale_free,0.7,0.8,1,spf-reconverge,129.5,0.04295854782567189,0.048129001580048694,232.0
scale_free,0.7,0.8,1,spf-static,49.0,0.1287831382746086,0.1331781567326138,232.0
scale_free,0.7,0.8,3,cspf,127.0,0.05500347071562604,0.05644451916333994,232.0
scale_free,0.7,0.8,3,ecmp,119.5,0.06539767970964858,0.07317389779074825,232.0
scale_free,0.7,0.8,3,orbit,128.0,0.05541200720669312,0.06251566466594548,232.0
scale_free,0.7,0.8,3,spf-reconverge,129.5,0.057974176340018696,0.08023496127086009,232.0
scale_free,0.7,0.8,3,spf-static,49.0,0.13525061315425174,0.14365336119895866,232.0
scale_free,0.7,0.8,5,cspf,127.0,0.06693890098441319,0.07298505372709545,232.0
scale_free,0.7,0.8,5,ecmp,119.5,0.07961465765008564,0.10039393754708471,232.0
scale_free,0.7,0.8,5,orbit,128.0,0.06644157345438392,0.08105546316831087,232.0
scale_free,0.7,0.8,5,spf-reconverge,129.5,0.07209882816910056,0.11028325530949407,232.0
scale_free,0.7,0.8,5,spf-static,49.0,0.14087787339002206,0.15412856566530359,232.0
scale_free,0.7,0.8,10,cspf,126.0,0.09670885172057056,0.1135828767087856,232.0
scale_free,0.7,0.8,10,ecmp,117.5,0.11773262861345285,0.169681193984711,232.0
scale_free,0.7,0.8,10,orbit,127.5,0.09839787733284025,0.12492649473724678,232.0
scale_free,0.7,0.8,10,spf-reconverge,129.5,0.10890461054075301,0.17254536214845195,232.0
scale_free,0.7,0.8,10,spf-static,49.0,0.15425791726964577,0.18031657683116598,232.0
scale_free,0.7,0.8,20,cspf,128.0,0.1538669260930261,0.20242319950900295,232.0
scale_free,0.7,0.8,20,ecmp,120.0,0.1960719773576779,0.30186380724173834,232.0
scale_free,0.7,0.8,20,orbit,126.5,0.15630304521316724,0.21791794092741165,232.0
scale_free,0.7,0.8,20,spf-reconverge,129.0,0.18540830738516978,0.31570330439757355,232.0
scale_free,0.7,0.8,20,spf-static,49.0,0.18323281159847998,0.2326925991628906,232.0
scale_free,0.7,0.8,40,cspf,108.0,0.3270027769904066,0.4865518499279257,232.0
scale_free,0.7,0.8,40,ecmp,107.0,0.35374128932602844,0.5876594977970317,232.0
scale_free,0.7,0.8,40,orbit,120.0,0.30172264596600473,0.45413148639210055,232.0
scale_free,0.7,0.8,40,spf-reconverge,108.0,0.34592742417480576,0.632184601510126,232.0
scale_free,0.7,0.8,40,spf-static,44.5,0.24660363106059568,0.3447766007505591,232.0
scale_free,0.7,0.85,1,cspf,122.5,0.046336599876198405,0.04360275565681149,232.0
scale_free,0.7,0.85,1,ecmp,116.0,0.055302648757531575,0.04617299175316651,232.0
scale_free,0.7,0.85,1,orbit,121.5,0.04890648806897156,0.04354817954887942,232.0
scale_free,0.7,0.85,1,spf-reconverge,122.0,0.04610709473281065,0.045386438270411084,232.0
scale_free,0.7,0.85,1,spf-static,44.5,0.1498844904973735,0.15612957640175593,232.0
scale_free,0.7,0.85,3,cspf,122.5,0.06031026275944511,0.06432352474506858,232.0
scale_free,0.7,0.85,3,ecmp,112.5,0.07499587290460355,0.07680026398068823,232.0
scale_free,0.7,0.85,3,orbit,121.5,0.06353031645288386,0.06519475855252896,232.0
scale_free,0.7,0.85,3,spf-reconverge,122.0,0.06049251803026798,0.0760446256720059,232.0
scale_free,0.7,0.85,3,spf-static,44.5,0.15582367332450414,0.16668773406932214,232.0
scale_free,0.7,0.85,5,cspf,122.5,0.07280003268784896,0.0854504335650538,232.0
scale_free,0.7,0.85,5,ecmp,111.0,0.0919425737057451,0.10753192567674108,232.0
scale_free,0.7,0.85,5,orbit,121.5,0.07815414483679614,0.08724185701576807,232.0
scale_free,0.7,0.85,5,spf-reconverge,122.0,0.075898203261893,0.10670281307360155,232.0
scale_free,0.7,0.85,5,spf-static,44.5,0.16176285615163472,0.17655856844571455,232.0
scale_free,0.7,0.85,10,cspf,121.0,0.10801403922617914,0.1368260203012609,232.0
scale_free,0.7,0.85,10,ecmp,111.0,0.13638008235110283,0.1843542518133252,232.0
scale_free,0.7,0.85,10,orbit,119.5,0.11272850786892691,0.14394885483011327,232.0
scale_free,0.7,0.85,10,spf-reconverge,123.0,0.12052310761621375,0.18571848844467764,232.0
scale_free,0.7,0.85,10,spf-static,44.5,0.17510100090933517,0.20086756311850956,232.0
scale_free,0.7,0.85,20,cspf,121.0,0.1706901496582005,0.23675894903198946,232.0
scale_free,0.7,0.85,20,ecmp,111.0,0.21393476803724942,0.32008983959766435,232.0
scale_free,0.7,0.85,20,orbit,120.0,0.17332036821389935,0.23720917788883314,232.0
scale_free,0.7,0.85,20,spf-reconverge,121.5,0.19782686364037091,0.34194899765838394,232.0
scale_free,0.7,0.85,20,spf-static,44.5,0.20540760795605625,0.24948555246409987,232.0
scale_free,0.7,0.85,40,cspf,98.0,0.35439079007149343,0.5380933248832318,232.0
scale_free,0.7,0.85,40,ecmp,100.0,0.374462208161213,0.6303342875347815,232.0
scale_free,0.7,0.85,40,orbit,110.0,0.32791162349529657,0.5084520373799652,232.0
scale_free,0.7,0.85,40,spf-reconverge,103.0,0.3611203121467451,0.6647080196768207,232.0
scale_free,0.7,0.85,40,spf-static,40.0,0.2703292382209931,0.36065164065571753,232.0
scale_free,0.7,0.9,1,cspf,116.0,0.05988923940290578,0.04767902963802063,232.0
scale_free,0.7,0.9,1,ecmp,111.5,0.06977757523167673,0.05726404069835887,232.0
scale_free,0.7,0.9,1,orbit,114.0,0.06600991388352609,0.05821970298203977,232.0
scale_free,0.7,0.9,1,spf-reconverge,120.0,0.05222377334023144,0.04923374251693425,232.0
scale_free,0.7,0.9,1,spf-static,38.5,0.15954468946210104,0.20122835433839004,232.0
scale_free,0.7,0.9,3,cspf,116.0,0.07498146180890095,0.07073372459311678,232.0
scale_free,0.7,0.9,3,ecmp,106.0,0.09019831550890937,0.08353675296683524,232.0
scale_free,0.7,0.9,3,orbit,114.0,0.07832270711200233,0.08205317393220168,232.0
scale_free,0.7,0.9,3,spf-reconverge,120.0,0.06891502238556133,0.08126260512553876,232.0
scale_free,0.7,0.9,3,spf-static,38.5,0.16500318547844572,0.21148372467899937,232.0
scale_free,0.7,0.9,5,cspf,116.0,0.08968755104488667,0.09387154932702811,232.0
scale_free,0.7,0.9,5,ecmp,106.0,0.10702313940412934,0.11769077945395226,232.0
scale_free,0.7,0.9,5,orbit,114.0,0.08997975809406655,0.10672992919088498,232.0
scale_free,0.7,0.9,5,spf-reconverge,120.0,0.08580086909231946,0.11374306834584899,232.0
scale_free,0.7,0.9,5,spf-static,38.5,0.17079276068111957,0.22173909501960865,232.0
scale_free,0.7,0.9,10,cspf,114.0,0.12685749655376635,0.15844824729416357,232.0
scale_free,0.7,0.9,10,ecmp,106.0,0.14653781185036074,0.19730004032446885,232.0
scale_free,0.7,0.9,10,orbit,111.0,0.12816493745669622,0.17539857901062117,232.0
scale_free,0.7,0.9,10,spf-reconverge,120.5,0.1275226419482554,0.20220738640225233,232.0
scale_free,0.7,0.9,10,spf-static,38.5,0.18526669868780415,0.2473775208711319,232.0
scale_free,0.7,0.9,20,cspf,115.0,0.19407879739952982,0.27191554820699976,232.0
scale_free,0.7,0.9,20,ecmp,106.0,0.22902726646706872,0.35953248794096815,232.0
scale_free,0.7,0.9,20,orbit,113.5,0.1872243466390624,0.2768303112336628,232.0
scale_free,0.7,0.9,20,spf-reconverge,120.0,0.2140195235745565,0.36477205872273083,232.0
scale_free,0.7,0.9,20,spf-static,38.5,0.21421457470117347,0.29724401002916306,232.0
scale_free,0.7,0.9,40,cspf,89.0,0.39782807874076476,0.60100253543902,232.0
scale_free,0.7,0.9,40,ecmp,89.5,0.39915407960906535,0.6671467460857783,232.0
scale_free,0.7,0.9,40,orbit,98.0,0.3706080577239205,0.5774793560532174,232.0
scale_free,0.7,0.9,40,spf-reconverge,94.0,0.382874609971956,0.7060693470475554,232.0
scale_free,0.7,0.9,40,spf-static,35.5,0.28424125610904594,0.3871161893937465,232.0
scale_free,0.7,0.95,1,cspf,105.5,0.07776655737569635,0.05024301522648236,232.0
scale_free,0.7,0.95,1,ecmp,107.0,0.07389130229695717,0.05323197262307891,232.0
scale_free,0.7,0.95,1,orbit,102.5,0.08278523885621333,0.08195786898986337,232.0
scale_free,0.7,0.95,1,spf-reconverge,117.0,0.06442568824153488,0.05556023490585081,232.0
scale_free,0.7,0.95,1,spf-static,35.0,0.1738201872248781,0.20879728923913898,232.0
scale_free,0.7,0.95,3,cspf,105.5,0.0930161471670515,0.07731030076347557,232.0
scale_free,0.7,0.95,3,ecmp,100.0,0.09973709450175308,0.09002616188604125,232.0
scale_free,0.7,0.95,3,orbit,102.5,0.09615482018189289,0.10827661288838467,232.0
scale_free,0.7,0.95,3,spf-reconverge,117.0,0.07996302020261022,0.09087755282768925,232.0
scale_free,0.7,0.95,3,spf-static,35.0,0.17921327483944816,0.2180592271114353,232.0
scale_free,0.7,0.95,5,cspf,105.0,0.10718262934209291,0.10437758630046831,232.0
scale_free,0.7,0.95,5,ecmp,101.5,0.11857154750404164,0.13218572857633748,232.0
scale_free,0.7,0.95,5,orbit,102.5,0.11040378050725219,0.13664838605829524,232.0
scale_free,0.7,0.95,5,spf-reconverge,117.0,0.09695306308236006,0.1261948707495279,232.0
scale_free,0.7,0.95,5,spf-static,35.0,0.1846063624540183,0.22732116498373156,232.0
scale_free,0.7,0.95,10,cspf,103.5,0.14608621699147428,0.18252028739580506,232.0
scale_free,0.7,0.95,10,ecmp,100.5,0.16283601694172278,0.2169833553131067,232.0
scale_free,0.7,0.95,10,orbit,100.0,0.14729327504852993,0.20618677393869742,232.0
scale_free,0.7,0.95,10,spf-reconverge,118.0,0.14102948355671946,0.2165584003636551,232.0
scale_free,0.7,0.95,10,spf-static,35.0,0.19808908149044357,0.25047600966447225,232.0
scale_free,0.7,0.95,20,cspf,104.0,0.211586518124856,0.2903194978212683,232.0
scale_free,0.7,0.95,20,ecmp,101.5,0.2539465341318337,0.3823286775723399,232.0
scale_free,0.7,0.95,20,orbit,100.5,0.21544925504715584,0.33453483520404875,232.0
scale_free,0.7,0.95,20,spf-reconverge,117.0,0.22914636612379602,0.3916802366949786,232.0
scale_free,0.7,0.95,20,spf-static,35.0,0.22565116251676026,0.3010278076447215,232.0
scale_free,0.7,0.95,40,cspf,77.0,0.43338586157058634,0.6438703535628072,232.0
scale_free,0.7,0.95,40,ecmp,82.5,0.42123150018500843,0.700714246315896,232.0
scale_free,0.7,0.95,40,orbit,84.0,0.41359825229794855,0.6550306343870321,232.0
scale_free,0.7,0.95,40,spf-reconverge,87.0,0.401332891819615,0.7298749473286374,232.0
scale_free,0.7,0.95,40,spf-static,32.0,0.2923453420733445,0.39372621845611677,232.0
scale_free,0.7,0.98,1,cspf,101.0,0.08108900405856095,0.06591177238531643,232.0
scale_free,0.7,0.98,1,ecmp,102.0,0.08608029801217942,0.07731015322691359,232.0
scale_free,0.7,0.98,1,orbit,96.0,0.09123142208760746,0.10496577700923902,232.0
scale_free,0.7,0.98,1,spf-reconverge,112.5,0.06267932403566807,0.06435585484826148,232.0
scale_free,0.7,0.98,1,spf-static,34.0,0.19358597863632973,0.20879728923913898,232.0
scale_free,0.7,0.98,3,cspf,101.0,0.09480376562588624,0.09199428458998556,232.0
scale_free,0.7,0.98,3,ecmp,98.0,0.10328309882303183,0.11618964785376859,232.0
scale_free,0.7,0.98,3,orbit,96.0,0.10709554293149517,0.1335137887952067,232.0
scale_free,0.7,0.98,3,spf-reconverge,112.5,0.08203595931948945,0.10302455191043873,232.0
scale_free,0.7,0.98,3,spf-static,34.0,0.1985952885510949,0.2180592271114353,232.0
scale_free,0.7,0.98,5,cspf,101.0,0.10988904452981169,0.11807679679465508,232.0
scale_free,0.7,0.98,5,ecmp,96.0,0.12307813065889867,0.15852017654856196,232.0
scale_free,0.7,0.98,5,orbit,96.0,0.1243232638117752,0.16360778911269364,232.0
scale_free,0.7,0.98,5,spf-reconverge,112.5,0.10135283808254826,0.1424442863402713,232.0
scale_free,0.7,0.98,5,spf-static,34.0,0.20409913572267518,0.22792776933199665,232.0
scale_free,0.7,0.98,10,cspf,99.0,0.15922244314325426,0.19989063214863598,232.0
scale_free,0.7,0.98,10,ecmp,95.0,0.17574121951963337,0.2464543676416067,232.0
scale_free,0.7,0.98,10,orbit,95.0,0.16903740460848216,0.2378092655950317,232.0
scale_free,0.7,0.98,10,spf-reconverge,112.0,0.14824342523158154,0.2317738547756763,232.0
scale_free,0.7,0.98,10,spf-static,34.0,0.21785875365162582,0.2534983649335809,232.0
scale_free,0.7,0.98,20,cspf,100.5,0.2308811292268294,0.31492011811885645,232.0
scale_free,0.7,0.98,20,ecmp,96.0,0.26239221345792246,0.41523676395308334,232.0
scale_free,0.7,0.98,20,orbit,98.0,0.24745810207583968,0.37449944617519576,232.0
scale_free,0.7,0.98,20,spf-reconverge,111.5,0.23723178312114312,0.40967310927379397,232.0
scale_free,0.7,0.98,20,spf-static,34.0,0.2448893045518516,0.30601173600635423,232.0
scale_free,0.7,0.98,40,cspf,70.0,0.45984834832728144,0.6687094153007254,232.0
scale_free,0.7,0.98,40,ecmp,78.0,0.430144439611764,0.7168215267601408,232.0
scale_free,0.7,0.98,40,orbit,75.5,0.44633819983550893,0.6998896502612464,232.0
scale_free,0.7,0.98,40,spf-reconverge,81.0,0.41110035811939294,0.7443591358893237,232.0
scale_free,0.7,0.98,40,spf-static,30.0,0.30559953595534817,0.4006227358744927,232.0
scale_free,0.7,1.0,1,cspf,100.0,0.08817025059645862,0.0907195696121682,232.0
scale_free,0.7,1.0,1,ecmp,100.0,0.09660086230736899,0.08703791066107222,232.0
scale_free,0.7,1.0,1,orbit,95.0,0.10559014941417916,0.10588225393193684,232.0
scale_free,0.7,1.0,1,spf-reconverge,110.5,0.07024528859621815,0.05731633001356837,232.0
scale_free,0.7,1.0,1,spf-static,32.0,0.20282380400551747,0.2175210974488103,232.0
scale_free,0.7,1.0,3,cspf,98.0,0.11351618775474705,0.11157248084638269,232.0
scale_free,0.7,1.0,3,ecmp,93.0,0.12620637042951807,0.12819796810247025,232.0
scale_free,0.7,1.0,3,orbit,93.0,0.1265468743450235,0.155957068010122,232.0
scale_free,0.7,1.0,3,spf-reconverge,105.0,0.10758054161860214,0.10452360214196835,232.0
scale_free,0.7,1.0,3,spf-static,32.0,0.20750239584068697,0.22716954316751115,232.0
scale_free,0.7,1.0,5,cspf,97.0,0.13043649831027465,0.14203135495139016,232.0
scale_free,0.7,1.0,5,ecmp,93.5,0.14958778343486256,0.1678142579550327,232.0
scale_free,0.7,1.0,5,orbit,91.5,0.14458509670138336,0.19308649701142663,232.0
scale_free,0.7,1.0,5,spf-reconverge,108.5,0.12384317620575963,0.14260373199816173,232.0
scale_free,0.7,1.0,5,spf-static,32.0,0.21244445590936833,0.23695047751234005,232.0
scale_free,0.7,1.0,10,cspf,95.0,0.18178043627704185,0.20958585362145316,232.0
scale_free,0.7,1.0,10,ecmp,91.5,0.20326598441749735,0.2839255162474346,232.0
scale_free,0.7,1.0,10,orbit,91.0,0.18897280429603597,0.2933241653636355,232.0
scale_free,0.7,1.0,10,spf-reconverge,107.0,0.17502136655545286,0.24988463869721103,232.0
scale_free,0.7,1.0,10,spf-static,32.0,0.22479960608107163,0.26312298973542414,232.0
scale_free,0.7,1.0,20,cspf,95.0,0.2555816318823567,0.3542314591856305,232.0
scale_free,0.7,1.0,20,ecmp,89.0,0.3204563538709373,0.4822092060104015,232.0
scale_free,0.7,1.0,20,orbit,90.0,0.27086075614721494,0.42296851407292,232.0
scale_free,0.7,1.0,20,spf-reconverge,104.5,0.26852698278946285,0.445051666981253,232.0
scale_free,0.7,1.0,20,spf-static,32.0,0.2490263979241628,0.31518611957641696,232.0
scale_free,0.7,1.0,40,cspf,61.5,0.4912755582235492,0.7456575879107086,232.0
scale_free,0.7,1.0,40,ecmp,60.0,0.49322391619818345,0.8197418259660569,232.0
scale_free,0.7,1.0,40,orbit,64.0,0.48098203281035823,0.7709767279036965,232.0
scale_free,0.7,1.0,40,spf-reconverge,68.5,0.43785640343332355,0.793783475644871,232.0
scale_free,0.7,1.0,40,spf-static,27.5,0.3178662341577305,0.4114899157689541,232.0
scale_free,0.9,0.75,1,cspf,135.0,0.02254330698269587,0.01355367984234904,232.0
scale_free,0.9,0.75,1,ecmp,131.0,0.024544832031023717,0.012964245234191436,232.0
scale_free,0.9,0.75,1,orbit,136.5,0.020407102584594546,0.011395256880239416,232.0
scale_free,0.9,0.75,1,spf-reconverge,136.0,0.025597316415752955,0.013518619108461187,232.0
scale_free,0.9,0.75,1,spf-static,61.5,0.0728378336306367,0.0771587806875988,232.0
scale_free,0.9,0.75,3,cspf,135.0,0.03346681600908249,0.033318605476988394,232.0
scale_free,0.9,0.75,3,ecmp,126.5,0.04138935223563568,0.037408314257914695,232.0
scale_free,0.9,0.75,3,orbit,136.5,0.029658376640813677,0.031095942183395765,232.0
scale_free,0.9,0.75,3,spf-reconverge,136.0,0.0361604795488181,0.038938189965477266,232.0
scale_free,0.9,0.75,3,spf-static,61.5,0.07844398992368529,0.0883977612811887,232.0
scale_free,0.9,0.75,5,cspf,135.0,0.043875611860593425,0.053083531111627835,232.0
scale_free,0.9,0.75,5,ecmp,125.5,0.0528709855549816,0.06135538114416766,232.0
scale_free,0.9,0.75,5,orbit,136.5,0.03837386743515968,0.05096664431194714,232.0
scale_free,0.9,0.75,5,spf-reconverge,136.0,0.04708631475666196,0.06372176724090756,232.0
scale_free,0.9,0.75,5,spf-static,61.5,0.0842394990926685,0.09963674187477864,232.0
scale_free,0.9,0.75,10,cspf,135.0,0.06734083518430356,0.10163015156557464,232.0
scale_free,0.9,0.75,10,ecmp,125.5,0.07870030003811615,0.12172580289031217,232.0
scale_free,0.9,0.75,10,orbit,136.0,0.06412700669137895,0.10164168163941657,232.0
scale_free,0.9,0.75,10,spf-reconverge,136.0,0.07488930629603888,0.1256807104294833,232.0
scale_free,0.9,0.75,10,spf-static,61.5,0.09880629575776399,0.12773419335875336,232.0
scale_free,0.9,0.75,20,cspf,134.5,0.1171119739878013,0.18556736630543907,232.0
scale_free,0.9,0.75,20,ecmp,126.5,0.13216426220819796,0.23116953699881695,232.0
scale_free,0.9,0.75,20,orbit,136.5,0.10804533498972568,0.19036659742606266,232.0
scale_free,0.9,0.75,20,spf-reconverge,136.0,0.1315981008247038,0.24673419421718235,232.0
scale_free,0.9,0.75,20,spf-static,61.5,0.12793988908795528,0.18392909632670332,232.0
scale_free,0.9,0.75,40,cspf,118.5,0.25068918693561815,0.4259894372112283,232.0
scale_free,0.9,0.75,40,ecmp,118.5,0.24857127942232615,0.45469689169966965,232.0
scale_free,0.9,0.75,40,orbit,124.5,0.22147632272801282,0.40851457302430616,232.0
scale_free,0.9,0.75,40,spf-reconverge,121.0,0.2548386431322474,0.5062467417091918,232.0
scale_free,0.9,0.75,40,spf-static,57.0,0.1898514312766979,0.28016655134815777,232.0
scale_free,0.9,0.8,1,cspf,129.0,0.02863582856619274,0.034092151523903685,232.0
scale_free,0.9,0.8,1,ecmp,126.5,0.02700324768586101,0.013420815721458047,232.0
scale_free,0.9,0.8,1,orbit,131.0,0.026859271487582596,0.034161260784570914,232.0
scale_free,0.9,0.8,1,spf-reconverge,132.0,0.025660742880700825,0.026654904711044636,232.0
scale_free,0.9,0.8,1,spf-static,57.5,0.08334335827337641,0.0771587806875988,232.0
scale_free,0.9,0.8,3,cspf,129.0,0.03985253088912886,0.051877139033482816,232.0
scale_free,0.9,0.8,3,ecmp,119.5,0.04421537252470717,0.04562549605510957,232.0
scale_free,0.9,0.8,3,orbit,131.0,0.03630612569931094,0.05285038515538223,232.0
scale_free,0.9,0.8,3,spf-reconverge,132.0,0.03794422547737625,0.052828743212788534,232.0
scale_free,0.9,0.8,3,spf-static,57.5,0.0888969803836086,0.0883977612811887,232.0
scale_free,0.9,0.8,5,cspf,129.0,0.05079964448267561,0.07040191318409654,232.0
scale_free,0.9,0.8,5,ecmp,119.0,0.05648541206897363,0.06781363515993902,232.0
scale_free,0.9,0.8,5,orbit,131.0,0.045658794130042674,0.07113021820661614,232.0
scale_free,0.9,0.8,5,spf-reconverge,132.0,0.05047642007466748,0.07900258171453194,232.0
scale_free,0.9,0.8,5,spf-static,57.5,0.0945778601817481,0.09963674187477864,232.0
scale_free,0.9,0.8,10,cspf,128.5,0.07599149095857338,0.11068535244869468,232.0
scale_free,0.9,0.8,10,ecmp,120.0,0.08444463394570123,0.1285866107344663,232.0
scale_free,0.9,0.8,10,orbit,130.5,0.06930532315348988,0.11572419767238823,232.0
scale_free,0.9,0.8,10,spf-reconverge,131.5,0.0804031381375292,0.14615603146029302,232.0
scale_free,0.9,0.8,10,spf-static,57.5,0.10878005967709689,0.12773419335875336,232.0
scale_free,0.9,0.8,20,cspf,129.5,0.12537408273147893,0.21037789575682653,232.0
scale_free,0.9,0.8,20,ecmp,120.5,0.14345476537562865,0.250627469202651,232.0
scale_free,0.9,0.8,20,orbit,131.5,0.11669421225784464,0.20434806460292176,232.0
scale_free,0.9,0.8,20,spf-reconverge,132.0,0.13893502344069997,0.265853909613449,232.0
scale_free,0.9,0.8,20,spf-static,57.5,0.137184458667794,0.18392909632670332,232.0
scale_free,0.9,0.8,40,cspf,111.5,0.26615893797797896,0.4545815731219842,232.0
scale_free,0.9,0.8,40,ecmp,109.5,0.26193356076972274,0.49756657869081694,232.0
scale_free,0.9,0.8,40,orbit,117.0,0.2387405383645612,0.4407050697427704,232.0
scale_free,0.9,0.8,40,spf-reconverge,115.0,0.26502428034513825,0.5280820754628983,232.0
scale_free,0.9,0.8,40,spf-static,52.0,0.1948530702069537,0.28016655134815777,232.0
scale_free,0.9,0.85,1,cspf,123.0,0.03165173014893371,0.037788895613193846,232.0
scale_free,0.9,0.85,1,ecmp,119.5,0.03703951352132427,0.027095395630465095,232.0
scale_free,0.9,0.85,1,orbit,125.0,0.03445398489522408,0.03400661648187528,232.0
scale_free,0.9,0.85,1,spf-reconverge,129.0,0.025174552141226825,0.03753241425168158,232.0
scale_free,0.9,0.85,1,spf-static,54.0,0.09302893220444144,0.09124302274209183,232.0
scale_free,0.9,0.85,3,cspf,123.0,0.0427678497374631,0.05686954997231955,232.0
scale_free,0.9,0.85,3,ecmp,115.5,0.056374431314219015,0.058612505750647026,232.0
scale_free,0.9,0.85,3,orbit,125.0,0.04428919169501497,0.05325937215771434,232.0
scale_free,0.9,0.85,3,spf-reconverge,129.0,0.037496575301729416,0.060493389514100576,232.0
scale_free,0.9,0.85,3,spf-static,54.0,0.09861694338106748,0.10088527066630941,232.0
scale_free,0.9,0.85,5,cspf,123.0,0.05411222289195902,0.0759502043314455,232.0
scale_free,0.9,0.85,5,ecmp,115.5,0.0681154005253055,0.07953675841926042,232.0
scale_free,0.9,0.85,5,orbit,125.0,0.053712503851898054,0.07251212783355354,232.0
scale_free,0.9,0.85,5,spf-reconverge,129.0,0.04977908972979102,0.08345436477651916,232.0
scale_free,0.9,0.85,5,spf-static,54.0,0.10420495455769355,0.11073820425066602,232.0
scale_free,0.9,0.85,10,cspf,123.0,0.08378766107230225,0.11727495878901056,232.0
scale_free,0.9,0.85,10,ecmp,115.0,0.09677722625826224,0.13871110013921117,232.0
scale_free,0.9,0.85,10,orbit,123.0,0.07953251234190761,0.1214014743910613,232.0
scale_free,0.9,0.85,10,spf-reconverge,129.0,0.08236019395997186,0.15209855783857337,232.0
scale_free,0.9,0.85,10,spf-static,54.0,0.1184600558084497,0.1371119711186068,232.0
scale_free,0.9,0.85,20,cspf,123.0,0.138629527927145,0.21820050778374828,232.0
scale_free,0.9,0.85,20,ecmp,114.5,0.1550577114432562,0.2612338857636385,232.0
scale_free,0.9,0.85,20,orbit,124.0,0.12787438151063635,0.21895016116838986,232.0
scale_free,0.9,0.85,20,spf-reconverge,129.0,0.14323096641802252,0.2701223615405475,232.0
scale_free,0.9,0.85,20,spf-static,54.0,0.1466878273193269,0.19078199681482122,232.0
scale_free,0.9,0.85,40,cspf,100.5,0.2798998095940651,0.483961551685563,232.0
scale_free,0.9,0.85,40,ecmp,104.5,0.2741892974728126,0.5035038101131168,232.0
scale_free,0.9,0.85,40,orbit,107.5,0.25213371320278,0.4624446022468277,232.0
scale_free,0.9,0.85,40,spf-reconverge,109.5,0.2730172385858355,0.5546275065857358,232.0
scale_free,0.9,0.85,40,spf-static,48.5,0.2067404521623972,0.2957534090253484,232.0
scale_free,0.9,0.9,1,cspf,118.0,0.037979918807306584,0.03440308896353987,232.0
scale_free,0.9,0.9,1,ecmp,118.0,0.04360363037427708,0.03720595269506949,232.0
scale_free,0.9,0.9,1,orbit,118.5,0.038802960273423934,0.042046191149881576,232.0
scale_free,0.9,0.9,1,spf-reconverge,124.0,0.033750548972566456,0.038548466028695993,232.0
scale_free,0.9,0.9,1,spf-static,49.0,0.10790285859674972,0.10575620740342755,232.0
scale_free,0.9,0.9,3,cspf,118.0,0.049055222337274135,0.05323997719150041,232.0
scale_free,0.9,0.9,3,ecmp,113.0,0.05638554970483654,0.060714229775217794,232.0
scale_free,0.9,0.9,3,orbit,118.5,0.049527523528327524,0.06345322997196004,232.0
scale_free,0.9,0.9,3,spf-reconverge,124.0,0.04695774919031141,0.06225136001755241,232.0
scale_free,0.9,0.9,3,spf-static,49.0,0.11329114112073402,0.11661577168904738,232.0
scale_free,0.9,0.9,5,cspf,118.0,0.0601305258672417,0.07207686541946053,232.0
scale_free,0.9,0.9,5,ecmp,113.0,0.06973074432070268,0.08513009065200139,232.0
scale_free,0.9,0.9,5,orbit,118.5,0.05938802018523602,0.08452069912070491,232.0
scale_free,0.9,0.9,5,spf-reconverge,124.0,0.05957066564631066,0.0864925249634897,232.0
scale_free,0.9,0.9,5,spf-static,49.0,0.11863764606641945,0.1274753359746672,232.0
scale_free,0.9,0.9,10,cspf,116.5,0.09053243141700035,0.11837574429608189,232.0
scale_free,0.9,0.9,10,ecmp,112.0,0.10403623001573031,0.15255258365261815,232.0
scale_free,0.9,0.9,10,orbit,116.5,0.08381542808365369,0.1381384211487255,232.0
scale_free,0.9,0.9,10,spf-reconverge,124.0,0.09083378096279973,0.14942370082459583,232.0
scale_free,0.9,0.9,10,spf-static,49.0,0.131758134500883,0.15462424668871683,232.0
scale_free,0.9,0.9,20,cspf,117.5,0.14382977445687273,0.22797821916760952,232.0
scale_free,0.9,0.9,20,ecmp,110.0,0.16559436436582187,0.27664572221312234,232.0
scale_free,0.9,0.9,20,orbit,117.5,0.13591657624668108,0.23957775589965555,232.0
scale_free,0.9,0.9,20,spf-reconverge,124.0,0.15442140166114143,0.28205947222495,232.0
scale_free,0.9,0.9,20,spf-static,49.0,0.15812644193465017,0.20804228862584423,232.0
scale_free,0.9,0.9,40,cspf,95.0,0.29802732619244077,0.49672244146260985,232.0
scale_free,0.9,0.9,40,ecmp,100.0,0.29377604382675204,0.5305293826196091,232.0
scale_free,0.9,0.9,40,orbit,100.0,0.2756476913501884,0.5228459428558747,232.0
scale_free,0.9,0.9,40,spf-reconverge,100.5,0.289460453341368,0.5670887449734515,232.0
scale_free,0.9,0.9,40,spf-static,45.5,0.2188734889213414,0.30065693214884703,232.0
scale_free,0.9,0.95,1,cspf,113.0,0.043627298793964944,0.045702880323821894,232.0
scale_free,0.9,0.95,1,ecmp,114.0,0.044254829510447,0.038229895585742635,232.0
scale_free,0.9,0.95,1,orbit,108.5,0.04506510365193805,0.04785972065404813,232.0
scale_free,0.9,0.95,1,spf-reconverge,120.0,0.042059853991389895,0.04317320857923063,232.0
scale_free,0.9,0.95,1,spf-static,47.0,0.11888495900868462,0.11423586276935216,232.0
scale_free,0.9,0.95,3,cspf,113.0,0.0556622203778428,0.06635237566107732,232.0
scale_free,0.9,0.95,3,ecmp,107.5,0.07029069268838324,0.06676131081235248,232.0
scale_free,0.9,0.95,3,orbit,108.5,0.05596301290192894,0.0718295790950903,232.0
scale_free,0.9,0.95,3,spf-reconverge,120.0,0.05464296360400614,0.06760442509585592,232.0
scale_free,0.9,0.95,3,spf-static,47.0,0.1242157773031308,0.1248398085469179,232.0
scale_free,0.9,0.95,5,cspf,113.0,0.06719457198730316,0.08700187099833306,232.0
scale_free,0.9,0.95,5,ecmp,108.0,0.08244128513208593,0.0950966421865159,232.0
scale_free,0.9,0.95,5,orbit,108.5,0.0672347643033008,0.09682199532506815,232.0
scale_free,0.9,0.95,5,spf-reconverge,120.0,0.06690122224690717,0.09203564161248157,232.0
scale_free,0.9,0.95,5,spf-static,47.0,0.12954659559757703,0.13544375432448363,232.0
scale_free,0.9,0.95,10,cspf,113.0,0.10287524253395813,0.142679730839331,232.0
scale_free,0.9,0.95,10,ecmp,107.5,0.11358296723605862,0.162413126603989,232.0
scale_free,0.9,0.95,10,orbit,106.0,0.09739085505561407,0.15549817429326068,232.0
scale_free,0.9,0.95,10,spf-reconverge,120.0,0.10092718491768629,0.1587320789954008,232.0
scale_free,0.9,0.95,10,spf-static,47.0,0.14320081218134806,0.16195361876839764,232.0
scale_free,0.9,0.95,20,cspf,112.5,0.1540675219675627,0.2449730237791547,232.0
scale_free,0.9,0.95,20,ecmp,108.0,0.17939062683805446,0.29028248252392874,232.0
scale_free,0.9,0.95,20,orbit,108.0,0.14956352677650897,0.26337567212848106,232.0
scale_free,0.9,0.95,20,spf-reconverge,120.0,0.16329307865194886,0.2929557966387329,232.0
scale_free,0.9,0.95,20,spf-static,47.0,0.16897395828650888,0.2149733476562261,232.0
scale_free,0.9,0.95,40,cspf,91.0,0.31392868542020425,0.5316339907961087,232.0
scale_free,0.9,0.95,40,ecmp,93.0,0.3057729735577,0.5645636372426286,232.0
scale_free,0.9,0.95,40,orbit,88.5,0.3024311116708349,0.5708198222822221,232.0
scale_free,0.9,0.95,40,spf-reconverge,98.0,0.29872660452400346,0.5953207145987844,232.0
scale_free,0.9,0.95,40,spf-static,42.0,0.22433881592294241,0.3252441898885044,232.0
scale_free,0.9,0.98,1,cspf,109.5,0.048571427621033364,0.04314993387450963,232.0
scale_free,0.9,0.98,1,ecmp,109.0,0.04936581869133254,0.04897988932064658,232.0
scale_free,0.9,0.98,1,orbit,105.5,0.048430501148243835,0.051539519540213,232.0
scale_free,0.9,0.98,1,spf-reconverge,117.5,0.04386194355945075,0.044894422341145074,232.0
scale_free,0.9,0.98,1,spf-static,44.0,0.14036990862766702,0.13580977090698798,232.0
scale_free,0.9,0.98,3,cspf,109.5,0.060023996506709434,0.0654235158804572,232.0
scale_free,0.9,0.98,3,ecmp,105.5,0.07383952747894204,0.06835116160100645,232.0
scale_free,0.9,0.98,3,orbit,105.5,0.060720243390320575,0.07515683657312472,232.0
scale_free,0.9,0.98,3,spf-reconverge,117.5,0.0569001209833846,0.07170929400195375,232.0
scale_free,0.9,0.98,3,spf-static,44.0,0.14510391990048271,0.14626148988689494,232.0
scale_free,0.9,0.98,5,cspf,109.5,0.07232775169708965,0.08782665417982258,232.0
scale_free,0.9,0.98,5,ecmp,106.0,0.08507053895863567,0.09761727719564088,232.0
scale_free,0.9,0.98,5,orbit,105.5,0.07237478981859188,0.09713838995780155,232.0
scale_free,0.9,0.98,5,spf-reconverge,117.5,0.06993829840731838,0.0992890914649858,232.0
scale_free,0.9,0.98,5,spf-static,44.0,0.14983793117329852,0.1567132088668019,232.0
scale_free,0.9,0.98,10,cspf,108.0,0.10490490525933494,0.14623044155030734,232.0
scale_free,0.9,0.98,10,ecmp,104.0,0.1170319826445956,0.16909841373863943,232.0
scale_free,0.9,0.98,10,orbit,103.0,0.10079591979841582,0.15881691342645318,232.0
scale_free,0.9,0.98,10,spf-reconverge,118.0,0.10185900092911293,0.1700604323105452,232.0
scale_free,0.9,0.98,10,spf-static,44.0,0.16167295935533865,0.18284250631656926,232.0
scale_free,0.9,0.98,20,cspf,109.5,0.16301594805240915,0.2521148328991187,232.0
scale_free,0.9,0.98,20,ecmp,104.0,0.18391568668485048,0.30227998484704266,232.0
scale_free,0.9,0.98,20,orbit,105.0,0.15805247193032398,0.2772811771679295,232.0
scale_free,0.9,0.98,20,spf-reconverge,117.5,0.16772462908682423,0.3081783411228857,232.0
scale_free,0.9,0.98,20,spf-static,44.0,0.18534301571941977,0.23389453084522588,232.0
scale_free,0.9,0.98,40,cspf,85.5,0.32256376009763665,0.5679467769806302,232.0
scale_free,0.9,0.98,40,ecmp,90.0,0.3100961493903134,0.5812003705854261,232.0
scale_free,0.9,0.98,40,orbit,83.5,0.3215950487928019,0.6050055197435051,232.0
scale_free,0.9,0.98,40,spf-reconverge,92.0,0.30410310071358515,0.6085851036143857,232.0
scale_free,0.9,0.98,40,spf-static,39.5,0.23049786831439495,0.33278660400145577,232.0
scale_free,0.9,1.0,1,cspf,108.5,0.04906887868215082,0.038752964713159144,232.0
scale_free,0.9,1.0,1,ecmp,109.0,0.057430887675143816,0.04858080233548612,232.0
scale_free,0.9,1.0,1,orbit,103.0,0.051283368044956826,0.07197635027626309,232.0
scale_free,0.9,1.0,1,spf-reconverge,116.5,0.04638539429027958,0.04573971362136165,232.0
scale_free,0.9,1.0,1,spf-static,41.5,0.14322428249272168,0.1462974908713614,232.0
scale_free,0.9,1.0,3,cspf,107.0,0.06140435285918319,0.0666954263349204,232.0
scale_free,0.9,1.0,3,ecmp,103.0,0.07785133265666086,0.08049140970429497,232.0
scale_free,0.9,1.0,3,orbit,102.5,0.06526051128827923,0.09783440653125719,232.0
scale_free,0.9,1.0,3,spf-reconverge,111.0,0.06916446054704556,0.0748160000499292,232.0
scale_free,0.9,1.0,3,spf-static,41.5,0.14805125474046044,0.15690027101136753,232.0
scale_free,0.9,1.0,5,cspf,107.0,0.07278700265066879,0.08870094391282007,232.0
scale_free,0.9,1.0,5,ecmp,101.5,0.09675779881139118,0.11732582557395213,232.0
scale_free,0.9,1.0,5,orbit,101.5,0.0784748320468315,0.1243135348453564,232.0
scale_free,0.9,1.0,5,spf-reconverge,110.0,0.08330810174680814,0.10750632416358491,232.0
scale_free,0.9,1.0,5,spf-static,41.5,0.15287822698819903,0.16750305115137365,232.0
scale_free,0.9,1.0,10,cspf,104.5,0.11466936456596968,0.15507588208732823,232.0
scale_free,0.9,1.0,10,ecmp,101.0,0.1359187706695682,0.20163065374424766,232.0
scale_free,0.9,1.0,10,orbit,102.0,0.10994931030562265,0.1866167997371253,232.0
scale_free,0.9,1.0,10,spf-reconverge,110.5,0.11692315613146527,0.19046979419903706,232.0
scale_free,0.9,1.0,10,spf-static,41.5,0.16494565760754593,0.194010001501389,232.0
scale_free,0.9,1.0,20,cspf,107.5,0.17169109593941234,0.27276433501119424,232.0
scale_free,0.9,1.0,20,ecmp,101.5,0.2097510530006042,0.34913275330282734,232.0
scale_free,0.9,1.0,20,orbit,101.5,0.1734132535391732,0.30729571032048,232.0
scale_free,0.9,1.0,20,spf-reconverge,109.5,0.19079615094522573,0.34988727547026777,232.0
scale_free,0.9,1.0,20,spf-static,41.5,0.188398120810467,0.24587824016757642,232.0
scale_free,0.9,1.0,40,cspf,75.0,0.34813456123756,0.6241528917280218,232.0
scale_free,0.9,1.0,40,ecmp,74.5,0.35589127182048796,0.6987401998188787,232.0
scale_free,0.9,1.0,40,orbit,76.0,0.34296658849799755,0.6650316924485585,232.0
scale_free,0.9,1.0,40,spf-reconverge,80.0,0.3247439023781563,0.6755065954998725,232.0
scale_free,0.9,1.0,40,spf-static,37.5,0.24345753448078739,0.341137335354949,232.0
waxman,0.7,0.75,1,cspf,162.0,0.030225202793343245,0.03297516409902801,264.0
waxman,0.7,0.75,1,ecmp,153.5,0.0349322997506238,0.03030567636496354,264.0
waxman,0.7,0.75,1,orbit,164.0,0.027243751855686123,0.04568754453074077,264.0
waxman,0.7,0.75,1,spf-reconverge,153.5,0.0349322997506238,0.03030567636496354,264.0
waxman,0.7,0.75,1,spf-static,61.5,0.09456461942800465,0.07245260509467598,264.0
waxman,0.7,0.75,3,cspf,162.0,0.041878503658989846,0.048907983788020734,264.0
waxman,0.7,0.75,3,ecmp,153.5,0.05066907839809118,0.05975144677015441,264.0
waxman,0.7,0.75,3,orbit,164.0,0.03866376924400985,0.06357677247024701,264.0
waxman,0.7,0.75,3,spf-reconverge,153.5,0.05066907839809118,0.05975144677015441,264.0
waxman,0.7,0.75,3,spf-static,61.5,0.1007566343745343,0.08373635809391064,264.0
waxman,0.7,0.75,5,cspf,162.0,0.05353180452463549,0.06602005183243739,264.0
waxman,0.7,0.75,5,ecmp,153.5,0.06632821533560879,0.09003714401435237,264.0
waxman,0.7,0.75,5,orbit,164.0,0.05090931975182643,0.0821643311188893,264.0
waxman,0.7,0.75,5,spf-reconverge,153.5,0.06632821533560879,0.09003714401435237,264.0
waxman,0.7,0.75,5,spf-static,61.5,0.10682375363516625,0.0950201110931453,264.0
waxman,0.7,0.75,10,cspf,158.5,0.08645779092688294,0.11616015302652241,264.0
waxman,0.7,0.75,10,ecmp,153.5,0.10416613772998495,0.1748576410931652,264.0
waxman,0.7,0.75,10,orbit,163.0,0.08301449895672713,0.13029990074545295,264.0
waxman,0.7,0.75,10,spf-reconverge,153.5,0.10416613772998495,0.1748576410931652,264.0
waxman,0.7,0.75,10,spf-static,61.5,0.12218519290607813,0.12391478176023926,264.0
waxman,0.7,0.75,20,cspf,159.0,0.15054918535645917,0.21367755519386675,264.0
waxman,0.7,0.75,20,ecmp,153.5,0.1799229518885846,0.3289922274709377,264.0
waxman,0.7,0.75,20,orbit,164.0,0.1429284034992836,0.2171173542434338,264.0
waxman,0.7,0.75,20,spf-reconverge,153.5,0.1799229518885846,0.3289922274709377,264.0
waxman,0.7,0.75,20,spf-static,61.5,0.15460907811009839,0.18344057121785398,264.0
waxman,0.7,0.75,40,cspf,137.0,0.33227784646955116,0.48864268043663117,264.0
waxman,0.7,0.75,40,ecmp,137.0,0.33732680467995096,0.6358659405341722,264.0
waxman,0.7,0.75,40,orbit,149.5,0.29426559554809,0.45460908520388404,264.0
waxman,0.7,0.75,40,spf-reconverge,137.0,0.33732680467995096,0.6358659405341722,264.0
waxman,0.7,0.75,40,spf-static,55.5,0.2142653475821041,0.297750627088019,264.0
waxman,0.7,0.8,1,cspf,154.5,0.04435273639162313,0.038219852319795064,264.0
waxman,0.7,0.8,1,ecmp,153.0,0.04090956695881389,0.022099383705136803,264.0
waxman,0.7,0.8,1,orbit,155.5,0.0347854966836158,0.0498463682509943,264.0
waxman,0.7,0.8,1,spf-reconverge,153.0,0.04090956695881389,0.022099383705136803,264.0
waxman,0.7,0.8,1,spf-static,55.5,0.1155563130407741,0.10816907121793307,264.0
waxman,0.7,0.8,3,cspf,154.5,0.058449415370092316,0.057699094509615564,264.0
waxman,0.7,0.8,3,ecmp,153.0,0.056154546267287525,0.05921074083256975,264.0
waxman,0.7,0.8,3,orbit,155.5,0.04836856852652872,0.0707877460383799,264.0
waxman,0.7,0.8,3,spf-reconverge,153.0,0.056154546267287525,0.05921074083256975,264.0
waxman,0.7,0.8,3,spf-static,55.5,0.12128063728688393,0.1192144595365819,264.0
waxman,0.7,0.8,5,cspf,154.5,0.07155985256897948,0.07708732172121074,264.0
waxman,0.7,0.8,5,ecmp,153.0,0.07254768430247066,0.09690539070243445,264.0
waxman,0.7,0.8,5,orbit,155.5,0.060799017445450076,0.09461865272513867,264.0
waxman,0.7,0.8,5,spf-reconverge,153.0,0.07254768430247066,0.09690539070243445,264.0
waxman,0.7,0.8,5,spf-static,55.5,0.12700496153299376,0.13025984785523062,264.0
waxman,0.7,0.8,10,cspf,146.5,0.10475145824609858,0.13402239288905715,264.0
waxman,0.7,0.8,10,ecmp,153.0,0.11670500816504176,0.1818800799582027,264.0
waxman,0.7,0.8,10,orbit,153.0,0.0961542856506096,0.14140461965025408,264.0
waxman,0.7,0.8,10,spf-reconverge,153.0,0.11670500816504176,0.1818800799582027,264.0
waxman,0.7,0.8,10,spf-static,55.5,0.14131577214826832,0.15787331865185242,264.0
waxman,0.7,0.8,20,cspf,149.0,0.16766447714460114,0.23536789297796135,264.0
waxman,0.7,0.8,20,ecmp,153.0,0.19315620203361983,0.3495605797258667,264.0
waxman,0.7,0.8,20,orbit,153.5,0.15340985805984025,0.24038182672257724,264.0
waxman,0.7,0.8,20,spf-reconverge,153.0,0.19315620203361983,0.3495605797258667,264.0
waxman,0.7,0.8,20,spf-static,55.5,0.16864755754732397,0.21310026024509582,264.0
waxman,0.7,0.8,40,cspf,119.0,0.37056306810960715,0.5431830155386572,264.0
waxman,0.7,0.8,40,ecmp,122.0,0.3599544750411313,0.659336448155181,264.0
waxman,0.7,0.8,40,orbit,137.0,0.32205437440211604,0.5037018617049988,264.0
waxman,0.7,0.8,40,spf-reconverge,122.0,0.3599544750411313,0.659336448155181,264.0
waxman,0.7,0.8,40,spf-static,50.0,0.23090271276581775,0.328514996782856,264.0
waxman,0.7,0.85,1,cspf,142.5,0.051004062829550695,0.053066608339698035,264.0
waxman,0.7,0.85,1,ecmp,148.5,0.05141556427600852,0.041883204256197515,264.0
waxman,0.7,0.85,1,orbit,138.0,0.046652652302677206,0.05965062427297933,264.0
waxman,0.7,0.85,1,spf-reconverge,148.5,0.05141556427600852,0.041883204256197515,264.0
waxman,0.7,0.85,1,spf-static,51.0,0.13188974722810476,0.13421546540384777,264.0
waxman,0.7,0.85,3,cspf,142.5,0.06490654136598323,0.07952538438206505,264.0
waxman,0.7,0.85,3,ecmp,148.5,0.06857105021919077,0.07187221233866944,264.0
waxman,0.7,0.85,3,orbit,138.0,0.06036924548197935,0.0840690296069011,264.0
waxman,0.7,0.85,3,spf-reconverge,148.5,0.06857105021919077,0.07187221233866944,264.0
waxman,0.7,0.85,3,spf-static,51.0,0.1372894345931494,0.14366416462252973,264.0
waxman,0.7,0.85,5,cspf,142.5,0.07995106644881542,0.1082026918193639,264.0
waxman,0.7,0.85,5,ecmp,148.5,0.08400761740990031,0.10724972736884192,264.0
waxman,0.7,0.85,5,orbit,138.0,0.07310566377130288,0.10970961854978595,264.0
waxman,0.7,0.85,5,spf-reconverge,148.5,0.08400761740990031,0.10724972736884192,264.0
waxman,0.7,0.85,5,spf-static,51.0,0.14268912195819416,0.15311286384121173,264.0
waxman,0.7,0.85,10,cspf,140.0,0.12002920981589463,0.1647373757205277,264.0
waxman,0.7,0.85,10,ecmp,148.5,0.12901774323890441,0.1953064404628726,264.0
waxman,0.7,0.85,10,orbit,138.5,0.10633129293617394,0.16033475746716436,264.0
waxman,0.7,0.85,10,spf-reconverge,148.5,0.12901774323890441,0.1953064404628726,264.0
waxman,0.7,0.85,10,spf-static,51.0,0.15697914105560182,0.17673461188791684,264.0
waxman,0.7,0.85,20,cspf,142.5,0.18972740642578761,0.2729668906167141,264.0
waxman,0.7,0.85,20,ecmp,148.5,0.20781632124512173,0.3614673592091715,264.0
waxman,0.7,0.85,20,orbit,138.5,0.17493140098340393,0.26572821763174836,264.0
waxman,0.7,0.85,20,spf-reconverge,148.5,0.20781632124512173,0.3614673592091715,264.0
waxman,0.7,0.85,20,spf-static,51.0,0.18632244694092043,0.22397810798132817,264.0
waxman,0.7,0.85,40,cspf,106.5,0.4082729776489583,0.5881394252950098,264.0
waxman,0.7,0.85,40,ecmp,113.0,0.3701286302381792,0.6822603929141295,264.0
waxman,0.7,0.85,40,orbit,122.0,0.3592421769970843,0.5799328085785498,264.0
waxman,0.7,0.85,40,spf-reconverge,113.0,0.3701286302381792,0.6822603929141295,264.0
waxman,0.7,0.85,40,spf-static,45.5,0.24842011222853266,0.3371712720290971,264.0
waxman,0.7,0.9,1,cspf,134.5,0.06548858316505013,0.05795804729716561,264.0
waxman,0.7,0.9,1,ecmp,141.0,0.05037598685000728,0.05260514361926392,264.0
waxman,0.7,0.9,1,orbit,129.5,0.06243838251204736,0.07281529330104672,264.0
waxman,0.7,0.9,1,spf-reconverge,141.0,0.05037598685000728,0.05260514361926392,264.0
waxman,0.7,0.9,1,spf-static,46.0,0.14588180390235228,0.15142164763527793,264.0
waxman,0.7,0.9,3,cspf,134.5,0.0821158192441187,0.08381497470809797,264.0
waxman,0.7,0.9,3,ecmp,141.0,0.06922490126244876,0.09062852402227914,264.0
waxman,0.7,0.9,3,orbit,129.5,0.07813102835372812,0.09994175960102958,264.0
waxman,0.7,0.9,3,spf-reconverge,141.0,0.06922490126244876,0.09062852402227914,264.0
waxman,0.7,0.9,3,spf-static,46.0,0.15164822510800047,0.16217122475143136,264.0
waxman,0.7,0.9,5,cspf,134.5,0.09823452006622718,0.10613117070058567,264.0
waxman,0.7,0.9,5,ecmp,141.0,0.08934294426584449,0.12217886296441055,264.0
waxman,0.7,0.9,5,orbit,129.5,0.09221299088336443,0.13651907632522087,264.0
waxman,0.7,0.9,5,spf-reconverge,141.0,0.08934294426584449,0.12217886296441055,264.0
waxman,0.7,0.9,5,spf-static,46.0,0.15741464631364865,0.1729208018675849,264.0
waxman,0.7,0.9,10,cspf,133.5,0.14958116469529187,0.1707431801117777,264.0
waxman,0.7,0.9,10,ecmp,141.0,0.1374376770218529,0.21594253826912552,264.0
waxman,0.7,0.9,10,orbit,127.0,0.12783389178905083,0.1906283321526625,264.0
waxman,0.7,0.9,10,spf-reconverge,141.0,0.1374376770218529,0.21594253826912552,264.0
waxman,0.7,0.9,10,spf-static,46.0,0.17183069932776918,0.1986818392071122,264.0
waxman,0.7,0.9,20,cspf,136.0,0.21241412848772867,0.28459946936535513,264.0
waxman,0.7,0.9,20,ecmp,141.0,0.22490519297925698,0.4028424300968366,264.0
waxman,0.7,0.9,20,orbit,128.0,0.2022679596451124,0.3222145887131691,264.0
waxman,0.7,0.9,20,spf-reconverge,141.0,0.22490519297925698,0.4028424300968366,264.0
waxman,0.7,0.9,20,spf-static,46.0,0.20046342400546224,0.249894490106237,264.0
waxman,0.7,0.9,40,cspf,93.5,0.43140473457782336,0.6554178532385992,264.0
waxman,0.7,0.9,40,ecmp,103.0,0.3880240249461617,0.717555588050619,264.0
waxman,0.7,0.9,40,orbit,109.0,0.39885820904359465,0.6344884278123784,264.0
waxman,0.7,0.9,40,spf-reconverge,103.0,0.3880240249461617,0.717555588050619,264.0
waxman,0.7,0.9,40,spf-static,41.5,0.258930583623729,0.35263958972499154,264.0
waxman,0.7,0.95,1,cspf,124.5,0.07077678176723703,0.07824830887424757,264.0
waxman,0.7,0.95,1,ecmp,132.0,0.06164688075396339,0.056900488871907684,264.0
waxman,0.7,0.95,1,orbit,119.0,0.07836638983751637,0.1060885841979943,264.0
waxman,0.7,0.95,1,spf-reconverge,132.0,0.06164688075396339,0.056900488871907684,264.0
waxman,0.7,0.95,1,spf-static,42.0,0.1630460112865042,0.16389294442031502,264.0
waxman,0.7,0.95,3,cspf,124.5,0.08617623496769408,0.10681187318305749,264.0
waxman,0.7,0.95,3,ecmp,132.0,0.08021876680399212,0.0933924115832376,264.0
waxman,0.7,0.95,3,orbit,118.0,0.09379210170313644,0.13931975401228125,264.0
waxman,0.7,0.95,3,spf-reconverge,132.0,0.08021876680399212,0.0933924115832376,264.0
waxman,0.7,0.95,3,spf-static,42.0,0.1686596663807785,0.17418343661198474,264.0
waxman,0.7,0.95,5,cspf,123.5,0.10387803418548297,0.13621480612764292,264.0
waxman,0.7,0.95,5,ecmp,132.0,0.09879065285402046,0.12987439818977342,264.0
waxman,0.7,0.95,5,orbit,119.0,0.10921781356875643,0.16485649497767843,264.0
waxman,0.7,0.95,5,spf-reconverge,132.0,0.09879065285402046,0.12987439818977342,264.0
waxman,0.7,0.95,5,spf-static,42.0,0.17427332147505287,0.18447392880365454,264.0
waxman,0.7,0.95,10,cspf,122.0,0.15523792117550733,0.20965842787006073,264.0
waxman,0.7,0.95,10,ecmp,132.0,0.143717047065556,0.2337701037465557,264.0
waxman,0.7,0.95,10,orbit,115.0,0.1502937819503814,0.2237420834825682,264.0
waxman,0.7,0.95,10,spf-reconverge,132.0,0.143717047065556,0.2337701037465557,264.0
waxman,0.7,0.95,10,spf-static,42.0,0.18830745921073866,0.20973532289578578,264.0
waxman,0.7,0.95,20,cspf,120.5,0.23466466247515377,0.32383179954592667,264.0
waxman,0.7,0.95,20,ecmp,133.0,0.23644640851249232,0.4206480704478753,264.0
waxman,0.7,0.95,20,orbit,120.5,0.22683742840918297,0.36274192876695716,264.0
waxman,0.7,0.95,20,spf-reconverge,133.0,0.23644640851249232,0.4206480704478753,264.0
waxman,0.7,0.95,20,spf-static,42.0,0.2163757346821102,0.2590145924444207,264.0
waxman,0.7,0.95,40,cspf,84.0,0.47189953025972053,0.6841408701331034,264.0
waxman,0.7,0.95,40,ecmp,91.5,0.4086065339958732,0.7359387090810585,264.0
waxman,0.7,0.95,40,orbit,93.5,0.43215024251342005,0.7234291044367034,264.0
waxman,0.7,0.95,40,spf-reconverge,91.5,0.4086065339958732,0.7359387090810585,264.0
waxman,0.7,0.95,40,spf-static,37.0,0.2789786882391836,0.359952893931905,264.0
waxman,0.7,0.98,1,cspf,114.5,0.08817234406227897,0.09218065827694899,264.0
waxman,0.7,0.98,1,ecmp,129.5,0.06550785280207211,0.06197464738331625,264.0
waxman,0.7,0.98,1,orbit,116.0,0.0901232701067907,0.1424327119107899,264.0
waxman,0.7,0.98,1,spf-reconverge,129.5,0.06550785280207211,0.06197464738331625,264.0
waxman,0.7,0.98,1,spf-static,39.0,0.17936652553323498,0.16439206233347853,264.0
waxman,0.7,0.98,3,cspf,114.5,0.10602950713109577,0.11924464751297228,264.0
waxman,0.7,0.98,3,ecmp,129.5,0.08465058799598782,0.10445484330947873,264.0
waxman,0.7,0.98,3,orbit,116.0,0.10631608133129847,0.17249627551721475,264.0
waxman,0.7,0.98,3,spf-reconverge,129.5,0.08465058799598782,0.10445484330947873,264.0
waxman,0.7,0.98,3,spf-static,39.0,0.18442025986090232,0.17535285826823724,264.0
waxman,0.7,0.98,5,cspf,114.5,0.12246374698655349,0.14736509339412057,264.0
waxman,0.7,0.98,5,ecmp,129.5,0.10478662335470129,0.14269037230678713,264.0
waxman,0.7,0.98,5,orbit,114.0,0.12235391278925073,0.19456182475167877,264.0
waxman,0.7,0.98,5,spf-reconverge,129.5,0.10478662335470129,0.14269037230678713,264.0
waxman,0.7,0.98,5,spf-static,39.0,0.1894739941885697,0.18631365420299567,264.0
waxman,0.7,0.98,10,cspf,113.5,0.16437349906667303,0.2208450028318254,264.0
waxman,0.7,0.98,10,ecmp,129.5,0.15965977354750643,0.2440229188485344,264.0
waxman,0.7,0.98,10,orbit,110.5,0.17131693488099378,0.24716910918207835,264.0
waxman,0.7,0.98,10,spf-reconverge,129.5,0.15965977354750643,0.2440229188485344,264.0
waxman,0.7,0.98,10,spf-static,39.0,0.2021083300077382,0.2137156440398919,264.0
waxman,0.7,0.98,20,cspf,115.0,0.2529610368279922,0.35654860688273915,264.0
waxman,0.7,0.98,20,ecmp,128.0,0.24934539010274315,0.4290965344562879,264.0
waxman,0.7,0.98,20,orbit,119.0,0.25057407961967204,0.39629975074290974,264.0
waxman,0.7,0.98,20,spf-reconverge,128.0,0.24934539010274315,0.4290965344562879,264.0
waxman,0.7,0.98,20,spf-static,39.0,0.2273770016460749,0.26851962371368415,264.0
waxman,0.7,0.98,40,cspf,71.5,0.48574735013508774,0.7215462718128391,264.0
waxman,0.7,0.98,40,ecmp,87.0,0.41529059377809274,0.7549328213010891,264.0
waxman,0.7,0.98,40,orbit,84.5,0.46784626999894297,0.7473106399641963,264.0
waxman,0.7,0.98,40,spf-reconverge,87.0,0.41529059377809274,0.7549328213010891,264.0
waxman,0.7,0.98,40,spf-static,34.0,0.28213965663186924,0.3690626709802004,264.0
waxman,0.7,1.0,1,cspf,111.5,0.10581241530256902,0.10125418675616535,264.0
waxman,0.7,1.0,1,ecmp,128.0,0.07316687529886375,0.07018744766820421,264.0
waxman,0.7,1.0,1,orbit,104.5,0.09891443466513808,0.11808336598295968,264.0
waxman,0.7,1.0,1,spf-reconverge,128.0,0.07316687529886375,0.07018744766820421,264.0
waxman,0.7,1.0,1,spf-static,37.0,0.19377920375886487,0.1985874085558379,264.0
waxman,0.7,1.0,3,cspf,109.5,0.127876121031187,0.14400877467757864,264.0
waxman,0.7,1.0,3,ecmp,128.0,0.0999880545079615,0.11218827332543893,264.0
waxman,0.7,1.0,3,orbit,104.5,0.12005115889736485,0.14851557620579192,264.0
waxman,0.7,1.0,3,spf-reconverge,128.0,0.0999880545079615,0.11218827332543893,264.0
waxman,0.7,1.0,3,spf-static,37.0,0.19879440977876522,0.208319500030959,264.0
waxman,0.7,1.0,5,cspf,108.5,0.14159457312649584,0.16660009503008877,264.0
waxman,0.7,1.0,5,ecmp,124.5,0.1265306325152925,0.16584929900404394,264.0
waxman,0.7,1.0,5,orbit,104.5,0.13790133212276431,0.1728488947509843,264.0
waxman,0.7,1.0,5,spf-reconverge,124.5,0.1265306325152925,0.16584929900404394,264.0
waxman,0.7,1.0,5,spf-static,37.0,0.20380961579866558,0.21805159150608014,264.0
waxman,0.7,1.0,10,cspf,108.0,0.1908589868449847,0.250851496650108,264.0
waxman,0.7,1.0,10,ecmp,127.5,0.1813984043560813,0.28320103600443103,264.0
waxman,0.7,1.0,10,orbit,106.0,0.1892569709913226,0.2579743916859719,264.0
waxman,0.7,1.0,10,spf-reconverge,127.5,0.1813984043560813,0.28320103600443103,264.0
waxman,0.7,1.0,10,spf-static,37.0,0.21634763084841652,0.24502264070295632,264.0
waxman,0.7,1.0,20,cspf,107.0,0.27868480209296054,0.4209787641386307,264.0
waxman,0.7,1.0,20,ecmp,120.5,0.2897916324043872,0.49081600465025854,264.0
waxman,0.7,1.0,20,orbit,110.0,0.27672245087862746,0.4379489523688874,264.0
waxman,0.7,1.0,20,spf-reconverge,120.5,0.2897916324043872,0.49081600465025854,264.0
waxman,0.7,1.0,20,spf-static,37.0,0.2381414069003359,0.2979309801902538,264.0
waxman,0.7,1.0,40,cspf,63.0,0.5185245400105623,0.7649084814489425,264.0
waxman,0.7,1.0,40,ecmp,69.5,0.42649871047769644,0.799619437810294,264.0
waxman,0.7,1.0,40,orbit,67.5,0.5147239538952159,0.8043030642863256,264.0
waxman,0.7,1.0,40,spf-reconverge,69.5,0.42649871047769644,0.799619437810294,264.0
waxman,0.7,1.0,40,spf-static,32.5,0.29421386042699127,0.41024663153172114,264.0
waxman,0.9,0.75,1,cspf,171.5,0.020553342188518023,0.009649032213099196,270.0
waxman,0.9,0.75,1,ecmp,170.5,0.016322398635537083,0.013959549552985222,270.0
waxman,0.9,0.75,1,orbit,168.5,0.019669765520528716,0.011089988064412228,270.0
waxman,0.9,0.75,1,spf-reconverge,170.5,0.016322398635537083,0.013959549552985222,270.0
waxman,0.9,0.75,1,spf-static,72.0,0.06182114335158215,0.06151936331569356,270.0
waxman,0.9,0.75,3,cspf,171.5,0.03118954239207333,0.02894709663929758,270.0
waxman,0.9,0.75,3,ecmp,170.5,0.02903760965713024,0.039939919624461195,270.0
waxman,0.9,0.75,3,orbit,168.5,0.029607401705269126,0.03188208694427332,270.0
waxman,0.9,0.75,3,spf-reconverge,170.5,0.02903760965713024,0.039939919624461195,270.0
waxman,0.9,0.75,3,spf-static,72.0,0.06695543368429022,0.0708425011817063,270.0
waxman,0.9,0.75,5,cspf,171.5,0.04194849662572954,0.048245161065495965,270.0
waxman,0.9,0.75,5,ecmp,170.5,0.04206788970599072,0.06583871043152656,270.0
waxman,0.9,0.75,5,orbit,168.5,0.03966758977727711,0.05267418582413446,270.0
waxman,0.9,0.75,5,spf-reconverge,170.5,0.04206788970599072,0.06583871043152656,270.0
waxman,0.9,0.75,5,spf-static,72.0,0.07208972401699826,0.08049804620807866,270.0
waxman,0.9,0.75,10,cspf,173.5,0.07053913017721183,0.09649032213099223,270.0
waxman,0.9,0.75,10,ecmp,170.5,0.0746397310426147,0.13090060144706242,270.0
waxman,0.9,0.75,10,orbit,168.5,0.06588941348342447,0.10465443302378702,270.0
waxman,0.9,0.75,10,spf-reconverge,170.5,0.0746397310426147,0.13090060144706242,270.0
waxman,0.9,0.75,10,spf-static,72.0,0.08492544984876862,0.10783817899052403,270.0
waxman,0.9,0.75,20,cspf,172.0,0.11930167045021126,0.19240911768358265,270.0
waxman,0.9,0.75,20,ecmp,170.5,0.13384674229172572,0.2580422233575153,270.0
waxman,0.9,0.75,20,orbit,168.5,0.11381821576974847,0.19658376634098784,270.0
waxman,0.9,0.75,20,spf-reconverge,170.5,0.13384674229172572,0.2580422233575153,270.0
waxman,0.9,0.75,20,spf-static,72.0,0.11008526529104296,0.16172005451179589,270.0
waxman,0.9,0.75,40,cspf,141.5,0.27326484503436077,0.45880033724520386,270.0
waxman,0.9,0.75,40,ecmp,142.5,0.2593486501630098,0.5373717317565856,270.0
waxman,0.9,0.75,40,orbit,146.5,0.23980059079729954,0.4342282585241547,270.0
waxman,0.9,0.75,40,spf-reconverge,142.5,0.2593486501630098,0.5373717317565856,270.0
waxman,0.9,0.75,40,spf-static,66.0,0.16457107548396493,0.2569070591985304,270.0
waxman,0.9,0.8,1,cspf,158.5,0.02198799464375492,0.010825630703011107,270.0
waxman,0.9,0.8,1,ecmp,159.0,0.026160224057421674,0.016138700840806056,270.0
waxman,0.9,0.8,1,orbit,157.0,0.029099612609541567,0.012918883513604911,270.0
waxman,0.9,0.8,1,spf-reconverge,159.0,0.026160224057421674,0.016138700840806056,270.0
waxman,0.9,0.8,1,spf-static,65.5,0.06899275481124363,0.062991594505613,270.0
waxman,0.9,0.8,3,cspf,158.5,0.03335028292451783,0.03127311926503271,270.0
waxman,0.9,0.8,3,ecmp,159.0,0.0385131394434433,0.045147994646963854,270.0
waxman,0.9,0.8,3,orbit,157.0,0.03974013586487541,0.034430387119940634,270.0
waxman,0.9,0.8,3,spf-reconverge,159.0,0.0385131394434433,0.045147994646963854,270.0
waxman,0.9,0.8,3,spf-static,65.5,0.07470755720738684,0.0726191488281227,270.0
waxman,0.9,0.8,5,cspf,158.5,0.044056548059553655,0.05183305182250414,270.0
waxman,0.9,0.8,5,ecmp,159.0,0.051874834465713615,0.073802321797527,270.0
waxman,0.9,0.8,5,orbit,157.0,0.05146872005675901,0.05662539803085184,270.0
waxman,0.9,0.8,5,spf-reconverge,159.0,0.051874834465713615,0.073802321797527,270.0
waxman,0.9,0.8,5,spf-static,65.5,0.08055346005828137,0.08310160832031946,270.0
waxman,0.9,0.8,10,cspf,156.0,0.07096548508984256,0.10468178855470622,270.0
waxman,0.9,0.8,10,ecmp,159.0,0.08203704699260603,0.13884922956383483,270.0
waxman,0.9,0.8,10,orbit,157.0,0.08019968766367441,0.11326745824665921,270.0
waxman,0.9,0.8,10,spf-reconverge,159.0,0.08203704699260603,0.13884922956383483,270.0
waxman,0.9,0.8,10,spf-static,65.5,0.09357640674548429,0.10930775705081146,270.0
waxman,0.9,0.8,20,cspf,154.0,0.12855879945602378,0.20573596462387486,270.0
waxman,0.9,0.8,20,ecmp,159.0,0.1431617660093149,0.271189681372331,270.0
waxman,0.9,0.8,20,orbit,159.0,0.12859577896863178,0.21476092523427784,270.0
waxman,0.9,0.8,20,spf-reconverge,159.0,0.1431617660093149,0.271189681372331,270.0
waxman,0.9,0.8,20,spf-static,65.5,0.11878398801997442,0.16172005451179589,270.0
waxman,0.9,0.8,40,cspf,123.0,0.2929306877455284,0.49062389180699767,270.0
waxman,0.9,0.8,40,ecmp,135.5,0.26696538351324794,0.5543494522443906,270.0
waxman,0.9,0.8,40,orbit,139.0,0.26533203708603104,0.4791573080190586,270.0
waxman,0.9,0.8,40,spf-reconverge,135.5,0.26696538351324794,0.5543494522443906,270.0
waxman,0.9,0.8,40,spf-static,60.0,0.1733016326640267,0.27086946680508583,270.0
waxman,0.9,0.85,1,cspf,152.0,0.03605150482873397,0.02457600764748924,270.0
waxman,0.9,0.85,1,ecmp,157.5,0.03365902077675699,0.017630396711778837,270.0
waxman,0.9,0.85,1,orbit,146.5,0.03485240094819239,0.04190225089712097,270.0
waxman,0.9,0.85,1,spf-reconverge,157.5,0.03365902077675699,0.017630396711778837,270.0
waxman,0.9,0.85,1,spf-static,59.0,0.08324275065670247,0.0815938743015367,270.0
waxman,0.9,0.85,3,cspf,152.0,0.046852394405871835,0.047459631167713776,270.0
waxman,0.9,0.85,3,ecmp,157.5,0.04613711675911016,0.0480014029443582,270.0
waxman,0.9,0.85,3,orbit,146.5,0.04504574944646283,0.06339241765625027,270.0
waxman,0.9,0.85,3,spf-reconverge,157.5,0.04613711675911016,0.0480014029443582,270.0
waxman,0.9,0.85,3,spf-static,59.0,0.08812662735218564,0.09213283556192653,270.0
waxman,0.9,0.85,5,cspf,151.5,0.057653283983009646,0.07011696260749947,270.0
waxman,0.9,0.85,5,ecmp,157.5,0.055679939580092506,0.07760238242560308,270.0
waxman,0.9,0.85,5,orbit,146.5,0.056892177679082376,0.08408457165238231,270.0
waxman,0.9,0.85,5,spf-reconverge,157.5,0.055679939580092506,0.07760238242560308,270.0
waxman,0.9,0.85,5,spf-static,59.0,0.09301050404766881,0.10267179682231635,270.0
waxman,0.9,0.85,10,cspf,147.0,0.08625558472694261,0.125584420282689,270.0
waxman,0.9,0.85,10,ecmp,157.0,0.08955213521101926,0.1510917396420548,270.0
waxman,0.9,0.85,10,orbit,146.5,0.0805385399712914,0.13171076042210672,270.0
waxman,0.9,0.85,10,spf-reconverge,157.0,0.08955213521101926,0.1510917396420548,270.0
waxman,0.9,0.85,10,spf-static,59.0,0.10522019578637679,0.1288502016938837,270.0
waxman,0.9,0.85,20,cspf,148.5,0.1397608743977401,0.2244203513669802,270.0
waxman,0.9,0.85,20,ecmp,157.0,0.15523944595011535,0.2935988289974123,270.0
waxman,0.9,0.85,20,orbit,148.0,0.13363455960379583,0.2416238649570065,270.0
waxman,0.9,0.85,20,spf-reconverge,157.0,0.15523944595011535,0.2935988289974123,270.0
waxman,0.9,0.85,20,spf-static,59.0,0.13047280028275343,0.18084873305410687,270.0
waxman,0.9,0.85,40,cspf,107.5,0.311259398283497,0.5236750780549431,270.0
waxman,0.9,0.85,40,ecmp,124.5,0.28060751452371335,0.5612325618987482,270.0
waxman,0.9,0.85,40,orbit,125.5,0.28844934594103155,0.5076234427300238,270.0
waxman,0.9,0.85,40,spf-reconverge,124.5,0.28060751452371335,0.5612325618987482,270.0
waxman,0.9,0.85,40,spf-static,53.0,0.18578899665634174,0.2867040493496733,270.0
waxman,0.9,0.9,1,cspf,143.5,0.04065370142430429,0.03625405599543839,270.0
waxman,0.9,0.9,1,ecmp,151.0,0.03514296763031084,0.018360150578598744,270.0
waxman,0.9,0.9,1,orbit,139.5,0.03972785620284054,0.046630531726785766,270.0
waxman,0.9,0.9,1,spf-reconverge,151.0,0.03514296763031084,0.018360150578598744,270.0
waxman,0.9,0.9,1,spf-static,52.0,0.09588210949756362,0.08522582204092014,270.0
waxman,0.9,0.9,3,cspf,143.5,0.05162647495677537,0.056777694190327466,270.0
waxman,0.9,0.9,3,ecmp,151.0,0.049657409468020844,0.04999115164555586,270.0
waxman,0.9,0.9,3,orbit,139.5,0.05183810991953264,0.07233987295458781,270.0
waxman,0.9,0.9,3,spf-reconverge,151.0,0.049657409468020844,0.04999115164555586,270.0
waxman,0.9,0.9,3,spf-static,52.0,0.10033183496741589,0.0951360944081395,270.0
waxman,0.9,0.9,5,cspf,141.5,0.06379796760076198,0.07730133238521678,270.0
waxman,0.9,0.9,5,ecmp,151.0,0.06278491263349129,0.08154928249476973,270.0
waxman,0.9,0.9,5,orbit,139.5,0.06373268388056544,0.09539580127308397,270.0
waxman,0.9,0.9,5,spf-reconverge,151.0,0.06278491263349129,0.08154928249476973,270.0
waxman,0.9,0.9,5,spf-static,52.0,0.10504957666197004,0.10504636677535889,270.0
waxman,0.9,0.9,10,cspf,143.0,0.09338799195175468,0.13288095966903046,270.0
waxman,0.9,0.9,10,ecmp,154.5,0.0961971379559032,0.1574097021413856,270.0
waxman,0.9,0.9,10,orbit,140.0,0.0940633738396833,0.14997339216589795,270.0
waxman,0.9,0.9,10,spf-reconverge,154.5,0.0961971379559032,0.1574097021413856,270.0
waxman,0.9,0.9,10,spf-static,52.0,0.11746334294028762,0.12982204769340733,270.0
waxman,0.9,0.9,20,cspf,144.5,0.15166089591675025,0.24158295968327553,270.0
waxman,0.9,0.9,20,ecmp,149.5,0.16236544390079288,0.3033683969940034,270.0
waxman,0.9,0.9,20,orbit,141.5,0.15090991092494788,0.2665609607554099,270.0
waxman,0.9,0.9,20,spf-reconverge,149.5,0.16236544390079288,0.3033683969940034,270.0
waxman,0.9,0.9,20,spf-static,52.0,0.1394567068725317,0.18173814517777948,270.0
waxman,0.9,0.9,40,cspf,101.0,0.33779394186075984,0.5496037625813107,270.0
waxman,0.9,0.9,40,ecmp,112.0,0.29648495768166583,0.5896021701991798,270.0
waxman,0.9,0.9,40,orbit,112.0,0.32028692329734343,0.5630682360200474,270.0
waxman,0.9,0.9,40,spf-reconverge,112.0,0.29648495768166583,0.5896021701991798,270.0
waxman,0.9,0.9,40,spf-static,47.5,0.19998329840637424,0.2867386356103021,270.0
waxman,0.9,0.95,1,cspf,140.5,0.044897897677737275,0.04235936465972076,270.0
waxman,0.9,0.95,1,ecmp,152.5,0.03518641124463566,0.024235345481280948,270.0
waxman,0.9,0.95,1,orbit,133.0,0.05032842617709603,0.06632358540746829,270.0
waxman,0.9,0.95,1,spf-reconverge,152.5,0.03518641124463566,0.024235345481280948,270.0
waxman,0.9,0.95,1,spf-static,49.0,0.11175144038923096,0.10269269004727716,270.0
waxman,0.9,0.95,3,cspf,140.5,0.05866607100958044,0.06619549308777364,270.0
waxman,0.9,0.95,3,ecmp,152.5,0.05039152205322713,0.05909439678174306,270.0
waxman,0.9,0.95,3,orbit,133.0,0.06291822603908946,0.08984388777333338,270.0
waxman,0.9,0.95,3,spf-reconverge,152.5,0.05039152205322713,0.05909439678174306,270.0
waxman,0.9,0.95,3,spf-static,49.0,0.11633771246618166,0.11227402147759469,270.0
waxman,0.9,0.95,5,cspf,140.0,0.07354422330358369,0.09008485276251776,270.0
waxman,0.9,0.95,5,ecmp,152.5,0.06319331358260938,0.08852437199369843,270.0
waxman,0.9,0.95,5,orbit,133.0,0.07531160940255698,0.11336419013919855,270.0
waxman,0.9,0.95,5,spf-reconverge,152.5,0.06319331358260938,0.08852437199369843,270.0
waxman,0.9,0.95,5,spf-static,49.0,0.12092398454313219,0.12185535290791219,270.0
waxman,0.9,0.95,10,cspf,137.0,0.1086943787558369,0.14655906571551816,270.0
waxman,0.9,0.95,10,ecmp,151.0,0.09741198079609553,0.1619737442406029,270.0
waxman,0.9,0.95,10,orbit,133.5,0.11285327580630075,0.18068763728161114,270.0
waxman,0.9,0.95,10,spf-reconverge,151.0,0.09741198079609553,0.1619737442406029,270.0
waxman,0.9,0.95,10,spf-static,49.0,0.13238966473550856,0.14705759170012683,270.0
waxman,0.9,0.95,20,cspf,141.5,0.16472003036889102,0.2616884217044039,270.0
waxman,0.9,0.95,20,ecmp,151.0,0.16894336233009924,0.320366424651749,270.0
waxman,0.9,0.95,20,orbit,133.0,0.1686315127400994,0.30475190462919505,270.0
waxman,0.9,0.95,20,spf-reconverge,151.0,0.16894336233009924,0.320366424651749,270.0
waxman,0.9,0.95,20,spf-static,49.0,0.15532102512026114,0.19672629897429297,270.0
waxman,0.9,0.95,40,cspf,92.0,0.36296749490134783,0.5940181323142297,270.0
waxman,0.9,0.95,40,ecmp,110.5,0.30648675178081475,0.6129773358496496,270.0
waxman,0.9,0.95,40,orbit,103.5,0.3435391185618354,0.6209305265597662,270.0
waxman,0.9,0.95,40,spf-reconverge,110.5,0.30648675178081475,0.6129773358496496,270.0
waxman,0.9,0.95,40,spf-static,44.0,0.21140012784011927,0.2907629070215937,270.0
waxman,0.9,0.98,1,cspf,138.5,0.049891799956988,0.0438672893653283,270.0
waxman,0.9,0.98,1,ecmp,145.5,0.046326702309064785,0.03555506499139023,270.0
waxman,0.9,0.98,1,orbit,127.5,0.058587810014740366,0.06892105069162055,270.0
waxman,0.9,0.98,1,spf-reconverge,145.5,0.046326702309064785,0.03555506499139023,270.0
waxman,0.9,0.98,1,spf-static,46.0,0.12463509371473147,0.10601289194973099,270.0
waxman,0.9,0.98,3,cspf,138.5,0.06355989770689757,0.065400844859914,270.0
waxman,0.9,0.98,3,ecmp,145.5,0.061427716784266666,0.0688740459585019,270.0
waxman,0.9,0.98,3,orbit,127.5,0.07025615644464753,0.09093768596622204,270.0
waxman,0.9,0.98,3,spf-reconverge,145.5,0.061427716784266666,0.0688740459585019,270.0
waxman,0.9,0.98,3,spf-static,46.0,0.12898161715821832,0.11706428949123057,270.0
waxman,0.9,0.98,5,cspf,138.5,0.07814808630377547,0.09505866603389446,270.0
waxman,0.9,0.98,5,ecmp,145.5,0.07619282818691941,0.09790095227058265,270.0
waxman,0.9,0.98,5,orbit,127.0,0.08322910527626037,0.11471801787536318,270.0
waxman,0.9,0.98,5,spf-reconverge,145.5,0.07619282818691941,0.09790095227058265,270.0
waxman,0.9,0.98,5,spf-static,46.0,0.13332814060170514,0.12811568703273019,270.0
waxman,0.9,0.98,10,cspf,133.5,0.11192375086567749,0.15858804647323682,270.0
waxman,0.9,0.98,10,ecmp,146.0,0.1066932880924156,0.16947176120157828,270.0
waxman,0.9,0.98,10,orbit,127.0,0.11485520431997778,0.1891121363603589,270.0
waxman,0.9,0.98,10,spf-reconverge,146.0,0.1066932880924156,0.16947176120157828,270.0
waxman,0.9,0.98,10,spf-static,46.0,0.14419444921042224,0.15462955771734624,270.0
waxman,0.9,0.98,20,cspf,133.5,0.1775732010767581,0.28335487165704754,270.0
waxman,0.9,0.98,20,ecmp,147.0,0.17919669118338277,0.3313096122266881,270.0
waxman,0.9,0.98,20,orbit,129.0,0.17732619765643137,0.30877423848224783,270.0
waxman,0.9,0.98,20,spf-reconverge,147.0,0.17919669118338277,0.3313096122266881,270.0
waxman,0.9,0.98,20,spf-static,46.0,0.16592706642785665,0.19906268119383766,270.0
waxman,0.9,0.98,40,cspf,89.0,0.369850856129201,0.6144195391545647,270.0
waxman,0.9,0.98,40,ecmp,104.5,0.3090411601137144,0.6272726682391527,270.0
waxman,0.9,0.98,40,orbit,93.5,0.34971152875901224,0.6481356266148658,270.0
waxman,0.9,0.98,40,spf-reconverge,104.5,0.3090411601137144,0.6272726682391527,270.0
waxman,0.9,0.98,40,spf-static,42.0,0.21817217657675414,0.2947702540575804,270.0
waxman,0.9,1.0,1,cspf,135.5,0.050686132112953114,0.04930416195034377,270.0
waxman,0.9,1.0,1,ecmp,140.5,0.04376332801018907,0.03669142413023893,270.0
waxman,0.9,1.0,1,orbit,126.5,0.06280287233417885,0.08028735924340259,270.0
waxman,0.9,1.0,1,spf-reconverge,140.5,0.04376332801018907,0.03669142413023893,270.0
waxman,0.9,1.0,1,spf-static,44.5,0.12619998469898297,0.12161211731437506,270.0
waxman,0.9,1.0,3,cspf,129.0,0.07582659619443073,0.06570149961727959,270.0
waxman,0.9,1.0,3,ecmp,139.0,0.06749166558430056,0.0814246994057026,270.0
waxman,0.9,1.0,3,orbit,123.0,0.07512160691203398,0.11325847816980425,270.0
waxman,0.9,1.0,3,spf-reconverge,139.0,0.06749166558430056,0.0814246994057026,270.0
waxman,0.9,1.0,3,spf-static,44.5,0.13135637980786846,0.1314806420201844,270.0
waxman,0.9,1.0,5,cspf,130.0,0.08801316454587249,0.10176571388677952,270.0
waxman,0.9,1.0,5,ecmp,134.5,0.08433142775434717,0.11336141429103198,270.0
waxman,0.9,1.0,5,orbit,122.0,0.08966254648402752,0.13530369646799062,270.0
waxman,0.9,1.0,5,spf-reconverge,134.5,0.08433142775434717,0.11336141429103198,270.0
waxman,0.9,1.0,5,spf-static,44.5,0.136512774916754,0.14032167876619628,270.0
waxman,0.9,1.0,10,cspf,126.0,0.12660054736601417,0.18017640648588443,270.0
waxman,0.9,1.0,10,ecmp,133.5,0.12334220165572632,0.20401945649197956,270.0
waxman,0.9,1.0,10,orbit,120.0,0.12932570220172374,0.20914559203566424,270.0
waxman,0.9,1.0,10,spf-reconverge,133.5,0.12334220165572632,0.20401945649197956,270.0
waxman,0.9,1.0,10,spf-static,44.5,0.14939859097211877,0.16342375938181888,270.0
waxman,0.9,1.0,20,cspf,126.0,0.19541911350362695,0.3094872151528262,270.0
waxman,0.9,1.0,20,ecmp,134.5,0.19936802183844177,0.3788707021468311,270.0
waxman,0.9,1.0,20,orbit,125.0,0.19191614794771547,0.3515710361779282,270.0
waxman,0.9,1.0,20,spf-reconverge,134.5,0.19936802183844177,0.3788707021468311,270.0
waxman,0.9,1.0,20,spf-static,44.0,0.17345511560278465,0.21303064346358114,270.0
waxman,0.9,1.0,40,cspf,80.0,0.39630079723516637,0.6593477015204845,270.0
waxman,0.9,1.0,40,ecmp,87.0,0.32711218706401246,0.6699194420146505,270.0
waxman,0.9,1.0,40,orbit,84.5,0.3829641272734298,0.6867149235473768,270.0
waxman,0.9,1.0,40,spf-reconverge,87.0,0.32711218706401246,0.6699194420146505,270.0
waxman,0.9,1.0,40,spf-static,40.5,0.22675619170720931,0.31977066869771154,270.0
